Timestamp,Forecast_Chlorophyll_Kalman
2025-03-10 23:10:00,3.345651857146256
2025-03-10 23:20:00,3.347403494497765
2025-03-10 23:30:00,3.3456290770885206
2025-03-10 23:40:00,3.3391106176041148
2025-03-10 23:50:00,3.3307216400064417
2025-03-11 00:00:00,3.331353762743763
2025-03-11 00:10:00,3.319676607460037
2025-03-11 00:20:00,3.3257841417142795
2025-03-11 00:30:00,3.3245274435504464
2025-03-11 00:40:00,3.315953726767205
2025-03-11 00:50:00,3.308633339497611
2025-03-11 01:00:00,3.304081374739298
2025-03-11 01:10:00,3.3079581670597626
2025-03-11 01:20:00,3.2951489536246767
2025-03-11 01:30:00,3.298853032971157
2025-03-11 01:40:00,3.2904121497567367
2025-03-11 01:50:00,3.2781081249445947
2025-03-11 02:00:00,3.2669846650702032
2025-03-11 02:10:00,3.2668450043550465
2025-03-11 02:20:00,3.2656708225423263
2025-03-11 02:30:00,3.268436511890489
2025-03-11 02:40:00,3.2639226102534273
2025-03-11 02:50:00,3.2500207025442958
2025-03-11 03:00:00,3.235897539859517
2025-03-11 03:10:00,3.21090402277283
2025-03-11 03:20:00,3.189105544220898
2025-03-11 03:30:00,3.1693993318590357
2025-03-11 03:40:00,3.1509147737034118
2025-03-11 03:50:00,3.130445122814364
2025-03-11 04:00:00,3.106702315603998
2025-03-11 04:10:00,3.072998478314908
2025-03-11 04:20:00,3.032697185753994
2025-03-11 04:30:00,2.9941537908392166
2025-03-11 04:40:00,2.957001141311459
2025-03-11 04:50:00,2.93146800234175
2025-03-11 05:00:00,2.9177921176970676
2025-03-11 05:10:00,2.9014434607176907
2025-03-11 05:20:00,2.889576838348514
2025-03-11 05:30:00,2.88807007167475
2025-03-11 05:40:00,2.8895755888319146
2025-03-11 05:50:00,2.9038170504197565
2025-03-11 06:00:00,2.9226180905625863
2025-03-11 06:10:00,2.9430420924675205
2025-03-11 06:20:00,2.967879759892507
2025-03-11 06:30:00,2.995205879187169
2025-03-11 06:40:00,3.027043246650328
2025-03-11 06:50:00,3.0737796882518165
2025-03-11 07:00:00,3.113263642931181
2025-03-11 07:10:00,3.1609918401113055
2025-03-11 07:20:00,3.2253918388645073
2025-03-11 07:30:00,3.281998270001651
2025-03-11 07:40:00,3.330710418498934
2025-03-11 07:50:00,3.389254727204146
2025-03-11 08:00:00,3.4307896025434723
2025-03-11 08:10:00,3.456467210358388
2025-03-11 08:20:00,3.492588432393361
2025-03-11 08:30:00,3.515382361459178
2025-03-11 08:40:00,3.5264512162398396
2025-03-11 08:50:00,3.5345366812817325
2025-03-11 09:00:00,3.5282805207707604
2025-03-11 09:10:00,3.5287861236223232
2025-03-11 09:20:00,3.514612527371738
2025-03-11 09:30:00,3.4829805343083167
2025-03-11 09:40:00,3.4495203207320415
2025-03-11 09:50:00,3.410976758202357
2025-03-11 10:00:00,3.368744950713107
2025-03-11 10:10:00,3.323044812554143
2025-03-11 10:20:00,3.2857243772869
2025-03-11 10:30:00,3.2465806275339797
2025-03-11 10:40:00,3.2114410412737424
2025-03-11 10:50:00,3.1773247105149443
2025-03-11 11:00:00,3.1505760687424456
2025-03-11 11:10:00,3.128277861924576
2025-03-11 11:20:00,3.101311499022905
2025-03-11 11:30:00,3.0830651167922394
2025-03-11 11:40:00,3.065303479584612
2025-03-11 11:50:00,3.0459185742983657
2025-03-11 12:00:00,3.04384187263242
2025-03-11 12:10:00,3.0446020095999593
2025-03-11 12:20:00,3.0502019124539665
2025-03-11 12:30:00,3.0646208704520803
2025-03-11 12:40:00,3.093045255882748
2025-03-11 12:50:00,3.1346090515029212
2025-03-11 13:00:00,3.1843596339849713
2025-03-11 13:10:00,3.2368910039784735
2025-03-11 13:20:00,3.3067248030044842
2025-03-11 13:30:00,3.387621223118256
2025-03-11 13:40:00,3.466791998303051
2025-03-11 13:50:00,3.551039550366925
2025-03-11 14:00:00,3.649690775420666
2025-03-11 14:10:00,3.734544434423839
2025-03-11 14:20:00,3.821805214952614
2025-03-11 14:30:00,3.8913817046300174
2025-03-11 14:40:00,3.978748491491846
2025-03-11 14:50:00,4.05182205141759
2025-03-11 15:00:00,4.147709968422087
2025-03-11 15:10:00,4.212828644422186
2025-03-11 15:20:00,4.278422967433935
2025-03-11 15:30:00,4.335955400953703
2025-03-11 15:40:00,4.385340784932622
2025-03-11 15:50:00,4.44814900224174
2025-03-11 16:00:00,4.5235633520379075
2025-03-11 16:10:00,4.6122411711616245
2025-03-11 16:20:00,4.711297427724271
2025-03-11 16:30:00,4.782666522115614
2025-03-11 16:40:00,4.809855360305033
2025-03-11 16:50:00,4.853683177438811
2025-03-11 17:00:00,4.8889894183256555
2025-03-11 17:10:00,4.9346743873939225
2025-03-11 17:20:00,4.966545377424256
2025-03-11 17:30:00,5.0028406972671045
2025-03-11 17:40:00,5.021000973039359
2025-03-11 17:50:00,5.042645753218455
2025-03-11 18:00:00,5.043369190369022
2025-03-11 18:10:00,5.018697645680983
2025-03-11 18:20:00,4.959918760113547
2025-03-11 18:30:00,4.8901721268303175
2025-03-11 18:40:00,4.794868123175096
2025-03-11 18:50:00,4.679185708003891
2025-03-11 19:00:00,4.582268585968678
2025-03-11 19:10:00,4.436311502252166
2025-03-11 19:20:00,4.327686012869478
2025-03-11 19:30:00,4.163401928933616
2025-03-11 19:40:00,3.987033718076987
2025-03-11 19:50:00,3.813587112926984
2025-03-11 20:00:00,3.7134292334707664
2025-03-11 20:10:00,3.5699083490721146
2025-03-11 20:20:00,3.4687440847514375
2025-03-11 20:30:00,3.3632961524360763
2025-03-11 20:40:00,3.2465222619409078
2025-03-11 20:50:00,3.141415102000916
2025-03-11 21:00:00,3.047237229394032
2025-03-11 21:10:00,2.9686088924824303
2025-03-11 21:20:00,2.90758291447097
2025-03-11 21:30:00,2.8481970627239703
2025-03-11 21:40:00,2.8009328701455436
2025-03-11 21:50:00,2.7539779320294837
2025-03-11 22:00:00,2.7126105948290333
2025-03-11 22:10:00,2.68584254919878
2025-03-11 22:20:00,2.6622378098089903
2025-03-11 22:30:00,2.6297583760512677
2025-03-11 22:40:00,2.6036190706056836
2025-03-11 22:50:00,2.5863094382459946
2025-03-11 23:00:00,2.572367631334405
2025-03-11 23:10:00,2.5748606082021537
2025-03-11 23:20:00,2.5828042475837374
2025-03-11 23:30:00,2.594353652524124
2025-03-11 23:40:00,2.5977542736424324
2025-03-11 23:50:00,2.5955939762202753
2025-03-12 00:00:00,2.587740662385974
2025-03-12 00:10:00,2.582226039480264
2025-03-12 00:20:00,2.584969281106217
2025-03-12 00:30:00,2.582298282087033
2025-03-12 00:40:00,2.5724451497646226
2025-03-12 00:50:00,2.5607610281829856
2025-03-12 01:00:00,2.5549103629930343
2025-03-12 01:10:00,2.545271728311445
2025-03-12 01:20:00,2.541572270881372
2025-03-12 01:30:00,2.531052519607953
2025-03-12 01:40:00,2.524556111940872
2025-03-12 01:50:00,2.523944028647354
2025-03-12 02:00:00,2.512254219488319
2025-03-12 02:10:00,2.495051320443825
2025-03-12 02:20:00,2.4695485316753474
2025-03-12 02:30:00,2.4279319817901133
2025-03-12 02:40:00,2.3880072206207656
2025-03-12 02:50:00,2.348178085194848
2025-03-12 03:00:00,2.309692912179494
2025-03-12 03:10:00,2.2711810944378588
2025-03-12 03:20:00,2.232897609394389
2025-03-12 03:30:00,2.198278442954129
2025-03-12 03:40:00,2.161239097324711
2025-03-12 03:50:00,2.132036620920776
2025-03-12 04:00:00,2.109186007312376
2025-03-12 04:10:00,2.0930182855562784
2025-03-12 04:20:00,2.079441351887215
2025-03-12 04:30:00,2.0579097367635066
2025-03-12 04:40:00,2.046022669503178
2025-03-12 04:50:00,2.0361445591772482
2025-03-12 05:00:00,2.0234199924662506
2025-03-12 05:10:00,2.020436327349396
2025-03-12 05:20:00,2.0237510723842287
2025-03-12 05:30:00,2.028584102657886
2025-03-12 05:40:00,2.0412296546365787
2025-03-12 05:50:00,2.0546796542253953
2025-03-12 06:00:00,2.0719127528535446
2025-03-12 06:10:00,2.095953111313513
2025-03-12 06:20:00,2.120483669626265
2025-03-12 06:30:00,2.1487342364922535
2025-03-12 06:40:00,2.1763888662496615
2025-03-12 06:50:00,2.210163068902227
2025-03-12 07:00:00,2.244315354941719
2025-03-12 07:10:00,2.283420632605343
2025-03-12 07:20:00,2.32483793652613
2025-03-12 07:30:00,2.36886317745145
2025-03-12 07:40:00,2.4121030725488266
2025-03-12 07:50:00,2.462222555147714
2025-03-12 08:00:00,2.511304419313383
2025-03-12 08:10:00,2.5595016920364193
2025-03-12 08:20:00,2.6034169403353733
2025-03-12 08:30:00,2.653833088066201
2025-03-12 08:40:00,2.693836362043008
2025-03-12 08:50:00,2.7416576502920127
2025-03-12 09:00:00,2.7875892596352343
2025-03-12 09:10:00,2.829135551447427
2025-03-12 09:20:00,2.8594999459399246
2025-03-12 09:30:00,2.8751707344434796
2025-03-12 09:40:00,2.887221949054236
2025-03-12 09:50:00,2.9062101060492793
2025-03-12 10:00:00,2.9242385503403523
2025-03-12 10:10:00,2.9388159516424905
2025-03-12 10:20:00,2.9471706222024534
2025-03-12 10:30:00,2.954422128253536
2025-03-12 10:40:00,2.9596429538022773
2025-03-12 10:50:00,2.969511621139211
2025-03-12 11:00:00,2.977266264222641
2025-03-12 11:10:00,2.9776289917832894
2025-03-12 11:20:00,2.977745849539575
2025-03-12 11:30:00,2.977552053173533
2025-03-12 11:40:00,2.979445440421618
2025-03-12 11:50:00,2.982948121382433
2025-03-12 12:00:00,2.9913038463805504
2025-03-12 12:10:00,2.996729719404336
2025-03-12 12:20:00,2.9929273273545305
2025-03-12 12:30:00,2.9956395145119195
2025-03-12 12:40:00,3.007614263334131
2025-03-12 12:50:00,3.028927542019992
2025-03-12 13:00:00,3.0498065340916796
2025-03-12 13:10:00,3.0723317508093735
2025-03-12 13:20:00,3.0905037130443875
2025-03-12 13:30:00,3.120566718796024
2025-03-12 13:40:00,3.1520592497928317
2025-03-12 13:50:00,3.1847882888060535
2025-03-12 14:00:00,3.2137254707628355
2025-03-12 14:10:00,3.251723571999558
2025-03-12 14:20:00,3.2899688563574214
2025-03-12 14:30:00,3.3130465895664956
2025-03-12 14:40:00,3.3362640410506157
2025-03-12 14:50:00,3.3564473244251354
2025-03-12 15:00:00,3.3870848564734044
2025-03-12 15:10:00,3.41094096396689
2025-03-12 15:20:00,3.4313584673320365
2025-03-12 15:30:00,3.455093270713214
2025-03-12 15:40:00,3.4917027731015744
2025-03-12 15:50:00,3.5146959678060816
2025-03-12 16:00:00,3.527597287539768
2025-03-12 16:10:00,3.539695047143562
2025-03-12 16:20:00,3.5344870567650544
2025-03-12 16:30:00,3.526683202356626
2025-03-12 16:40:00,3.529772825777594
2025-03-12 16:50:00,3.522220264294342
2025-03-12 17:00:00,3.5009127809945473
2025-03-12 17:10:00,3.4659527092819116
2025-03-12 17:20:00,3.436245613371558
2025-03-12 17:30:00,3.4178484343841125
2025-03-12 17:40:00,3.3985747850195445
2025-03-12 17:50:00,3.375936184806398
2025-03-12 18:00:00,3.367268549010016
2025-03-12 18:10:00,3.3559867792471314
2025-03-12 18:20:00,3.350308285661612
2025-03-12 18:30:00,3.330322824273845
2025-03-12 18:40:00,3.3129842434220764
2025-03-12 18:50:00,3.285018294757611
2025-03-12 19:00:00,3.267313860660078
2025-03-12 19:10:00,3.250032288099195
2025-03-12 19:20:00,3.2332840802679077
2025-03-12 19:30:00,3.2129225888813338
2025-03-12 19:40:00,3.196331126516517
2025-03-12 19:50:00,3.1805685512978417
2025-03-12 20:00:00,3.1578193691774947
2025-03-12 20:10:00,3.1253498982992043
2025-03-12 20:20:00,3.0932863233059873
2025-03-12 20:30:00,3.0681472918240194
2025-03-12 20:40:00,3.0546003642895068
2025-03-12 20:50:00,3.0496003744253977
2025-03-12 21:00:00,3.0386290580458484
2025-03-12 21:10:00,3.027764376641324
2025-03-12 21:20:00,3.0237489477036097
2025-03-12 21:30:00,3.020644295799756
2025-03-12 21:40:00,3.0195703001647427
2025-03-12 21:50:00,3.022194055871434
2025-03-12 22:00:00,3.0301617960392075
2025-03-12 22:10:00,3.0390694647557197
2025-03-12 22:20:00,3.0419526946682414
2025-03-12 22:30:00,3.0543281215353733
2025-03-12 22:40:00,3.0770970828579323
2025-03-12 22:50:00,3.104190265616326
2025-03-12 23:00:00,3.1327198834569914
2025-03-12 23:10:00,3.1507583737411204
2025-03-12 23:20:00,3.156368107570496
2025-03-12 23:30:00,3.167258459816497
2025-03-12 23:40:00,3.1697118519392893
2025-03-12 23:50:00,3.182204638325303
2025-03-13 00:00:00,3.1923185039659017
2025-03-13 00:10:00,3.19863274781894
2025-03-13 00:20:00,3.20923547980258
2025-03-13 00:30:00,3.212806086001727
2025-03-13 00:40:00,3.228489167268306
2025-03-13 00:50:00,3.247276796861718
2025-03-13 01:00:00,3.254722316835254
2025-03-13 01:10:00,3.2612623634887874
2025-03-13 01:20:00,3.270659666352312
2025-03-13 01:30:00,3.286951915437921
2025-03-13 01:40:00,3.3048631151699293
2025-03-13 01:50:00,3.3254098929333735
2025-03-13 02:00:00,3.3442268376087005
2025-03-13 02:10:00,3.3524986183963703
2025-03-13 02:20:00,3.360775031536714
2025-03-13 02:30:00,3.3552557853002734
2025-03-13 02:40:00,3.328354317692205
2025-03-13 02:50:00,3.2942228321775873
2025-03-13 03:00:00,3.2546119275561995
2025-03-13 03:10:00,3.2103138085850955
2025-03-13 03:20:00,3.1795088912186773
2025-03-13 03:30:00,3.153632228187276
2025-03-13 03:40:00,3.1273185640154484
2025-03-13 03:50:00,3.095656135805234
2025-03-13 04:00:00,3.065465112206204
2025-03-13 04:10:00,3.0411074494018084
2025-03-13 04:20:00,3.0237855239707208
2025-03-13 04:30:00,3.016148550746409
2025-03-13 04:40:00,3.0115270188920418
2025-03-13 04:50:00,3.0118643383658292
2025-03-13 05:00:00,3.007726227797727
2025-03-13 05:10:00,3.00130622282289
2025-03-13 05:20:00,2.9892077855432375
2025-03-13 05:30:00,2.977134330765431
2025-03-13 05:40:00,2.96030848432978
2025-03-13 05:50:00,2.94586301679151
2025-03-13 06:00:00,2.935991502599702
2025-03-13 06:10:00,2.9240094047790834
2025-03-13 06:20:00,2.9192005393814715
2025-03-13 06:30:00,2.921091145462802
2025-03-13 06:40:00,2.934171313354947
2025-03-13 06:50:00,2.9513854302216815
2025-03-13 07:00:00,2.9804987613027123
2025-03-13 07:10:00,3.006546111502391
2025-03-13 07:20:00,3.035868715445685
2025-03-13 07:30:00,3.0646035136392324
2025-03-13 07:40:00,3.105290826631071
2025-03-13 07:50:00,3.1472213719548434
2025-03-13 08:00:00,3.189649907341491
2025-03-13 08:10:00,3.229419366389007
2025-03-13 08:20:00,3.280022967423501
2025-03-13 08:30:00,3.3418700076502095
2025-03-13 08:40:00,3.4111079923562166
2025-03-13 08:50:00,3.4867355675282274
2025-03-13 09:00:00,3.570464517187051
2025-03-13 09:10:00,3.6504303552579342
2025-03-13 09:20:00,3.745116169788196
2025-03-13 09:30:00,3.8573468782497846
2025-03-13 09:40:00,3.989393490494929
2025-03-13 09:50:00,4.09323099213681
2025-03-13 10:00:00,4.207727306863674
2025-03-13 10:10:00,4.285462763289402
2025-03-13 10:20:00,4.369947965886473
2025-03-13 10:30:00,4.430563796886646
2025-03-13 10:40:00,4.48904602883908
2025-03-13 10:50:00,4.529618123191711
2025-03-13 11:00:00,4.549311738290412
2025-03-13 11:10:00,4.572330731776056
2025-03-13 11:20:00,4.576328149435526
2025-03-13 11:30:00,4.531823715961263
2025-03-13 11:40:00,4.424503381946289
2025-03-13 11:50:00,4.3285085552778035
2025-03-13 12:00:00,4.226079191843421
2025-03-13 12:10:00,4.079022262186823
2025-03-13 12:20:00,3.9218430904800825
2025-03-13 12:30:00,3.771336681748997
2025-03-13 12:40:00,3.654978502673046
2025-03-13 12:50:00,3.5317209898183957
2025-03-13 13:00:00,3.4123052734709782
2025-03-13 13:10:00,3.313678069394925
2025-03-13 13:20:00,3.2012130909695706
2025-03-13 13:30:00,3.0987688712351447
2025-03-13 13:40:00,2.9945600379477972
2025-03-13 13:50:00,2.9105963674438233
2025-03-13 14:00:00,2.8418984354890253
2025-03-13 14:10:00,2.775939442862891
2025-03-13 14:20:00,2.7172077189797945
2025-03-13 14:30:00,2.6715181674657114
2025-03-13 14:40:00,2.6358854913792054
2025-03-13 14:50:00,2.6154267680318832
2025-03-13 15:00:00,2.597661576572622
2025-03-13 15:10:00,2.584522958596506
2025-03-13 15:20:00,2.573755916107759
2025-03-13 15:30:00,2.5605186464366954
2025-03-13 15:40:00,2.5559658847304325
2025-03-13 15:50:00,2.548246389017059
2025-03-13 16:00:00,2.548892019232297
2025-03-13 16:10:00,2.542297030672386
2025-03-13 16:20:00,2.535814634515618
2025-03-13 16:30:00,2.529499015143118
2025-03-13 16:40:00,2.5289300449601084
2025-03-13 16:50:00,2.520805381540568
2025-03-13 17:00:00,2.513894883363718
2025-03-13 17:10:00,2.507359120418978
2025-03-13 17:20:00,2.507441281351611
2025-03-13 17:30:00,2.5032873308550663
2025-03-13 17:40:00,2.4975096173247278
2025-03-13 17:50:00,2.492479714817159
2025-03-13 18:00:00,2.493133838580204
2025-03-13 18:10:00,2.4906190670174646
2025-03-13 18:20:00,2.4873523279241136
2025-03-13 18:30:00,2.4829187699296695
2025-03-13 18:40:00,2.480495351037261
2025-03-13 18:50:00,2.4859508662010175
2025-03-13 19:00:00,2.4952981512646732
2025-03-13 19:10:00,2.5070976825732254
2025-03-13 19:20:00,2.5266541744537765
2025-03-13 19:30:00,2.543832767949593
2025-03-13 19:40:00,2.5598392006969215
2025-03-13 19:50:00,2.576779458608883
2025-03-13 20:00:00,2.5967348659363227
2025-03-13 20:10:00,2.6213781070869833
2025-03-13 20:20:00,2.6494353978382654
2025-03-13 20:30:00,2.676924506833024
2025-03-13 20:40:00,2.7186853920998937
2025-03-13 20:50:00,2.7661001224223103
2025-03-13 21:00:00,2.8150830462198537
2025-03-13 21:10:00,2.8569261623281084
2025-03-13 21:20:00,2.909690189334313
2025-03-13 21:30:00,2.9662558110147175
2025-03-13 21:40:00,3.0160453092310813
2025-03-13 21:50:00,3.062078704026272
2025-03-13 22:00:00,3.1064723570433457
2025-03-13 22:10:00,3.1608342091980024
2025-03-13 22:20:00,3.2093052329423766
2025-03-13 22:30:00,3.2527779341250813
2025-03-13 22:40:00,3.2998024379619606
2025-03-13 22:50:00,3.3464761262376044
2025-03-13 23:00:00,3.3703193768247486
2025-03-13 23:10:00,3.3907163112167233
2025-03-13 23:20:00,3.4153511670120293
2025-03-13 23:30:00,3.426198976905711
2025-03-13 23:40:00,3.4236023902121304
2025-03-13 23:50:00,3.3981313405829723
2025-03-14 00:00:00,3.3527910074216374
2025-03-14 00:10:00,3.320890767563255
2025-03-14 00:20:00,3.2728649432209944
2025-03-14 00:30:00,3.2383688757582485
2025-03-14 00:40:00,3.1976997525884383
2025-03-14 00:50:00,3.1679948699902414
2025-03-14 01:00:00,3.1387409464905964
2025-03-14 01:10:00,3.112963757491523
2025-03-14 01:20:00,3.095291200388114
2025-03-14 01:30:00,3.081120796413866
2025-03-14 01:40:00,3.0634075246429116
2025-03-14 01:50:00,3.0436975433384363
2025-03-14 02:00:00,3.0399028058097795
2025-03-14 02:10:00,3.0409246663404685
2025-03-14 02:20:00,3.046224385581561
2025-03-14 02:30:00,3.062378249974819
2025-03-14 02:40:00,3.0932984574615805
2025-03-14 02:50:00,3.1361816748346856
2025-03-14 03:00:00,3.193611932125483
2025-03-14 03:10:00,3.2670963624880778
2025-03-14 03:20:00,3.35946248210624
2025-03-14 03:30:00,3.457682397980089
2025-03-14 03:40:00,3.552361242746905
2025-03-14 03:50:00,3.65202442842272
2025-03-14 04:00:00,3.7416307194222265
2025-03-14 04:10:00,3.8273573985407072
2025-03-14 04:20:00,3.918458003035697
2025-03-14 04:30:00,4.009518092675692
2025-03-14 04:40:00,4.059280106436575
2025-03-14 04:50:00,4.106360891631309
2025-03-14 05:00:00,4.124632256076949
2025-03-14 05:10:00,4.12256686490706
2025-03-14 05:20:00,4.1108691955388235
2025-03-14 05:30:00,4.092344081758496
2025-03-14 05:40:00,4.0849576044696185
2025-03-14 05:50:00,4.060159275847421
2025-03-14 06:00:00,4.031270996214819
2025-03-14 06:10:00,3.975652680115763
2025-03-14 06:20:00,3.9111901680602434
2025-03-14 06:30:00,3.854634263754694
2025-03-14 06:40:00,3.7749864025118636
2025-03-14 06:50:00,3.693483107968423
2025-03-14 07:00:00,3.616526066383542
2025-03-14 07:10:00,3.5344237178260363
2025-03-14 07:20:00,3.4706821705822435
2025-03-14 07:30:00,3.4378646118471066
2025-03-14 07:40:00,3.415931391780899
2025-03-14 07:50:00,3.4009549410733957
2025-03-14 08:00:00,3.392203089012003
2025-03-14 08:10:00,3.4036644082670535
2025-03-14 08:20:00,3.41676427844403
2025-03-14 08:30:00,3.4395589783916494
2025-03-14 08:40:00,3.4561881956577056
2025-03-14 08:50:00,3.4771912624976062
2025-03-14 09:00:00,3.4931714035589367
2025-03-14 09:10:00,3.514862063359628
2025-03-14 09:20:00,3.5259297414036928
2025-03-14 09:30:00,3.5352287893663004
2025-03-14 09:40:00,3.5329896619716057
2025-03-14 09:50:00,3.53842526437462
2025-03-14 10:00:00,3.5631274373928004
2025-03-14 10:10:00,3.590215384126686
2025-03-14 10:20:00,3.6132397396974967
2025-03-14 10:30:00,3.631296698230218
2025-03-14 10:40:00,3.656818859631569
2025-03-14 10:50:00,3.6707769868746336
2025-03-14 11:00:00,3.701517633090306
2025-03-14 11:10:00,3.7197509008752965
2025-03-14 11:20:00,3.7281508880604846
2025-03-14 11:30:00,3.7485168926044365
2025-03-14 11:40:00,3.750616447397054
2025-03-14 11:50:00,3.757953954587231
2025-03-14 12:00:00,3.7715094288537094
2025-03-14 12:10:00,3.7806526247778987
2025-03-14 12:20:00,3.797825488413019
2025-03-14 12:30:00,3.7982479830073808
2025-03-14 12:40:00,3.7970930874849365
2025-03-14 12:50:00,3.7899100748772927
2025-03-14 13:00:00,3.778527188745993
2025-03-14 13:10:00,3.772506490244495
2025-03-14 13:20:00,3.749787629743774
2025-03-14 13:30:00,3.7202508957508753
2025-03-14 13:40:00,3.6863734741274023
2025-03-14 13:50:00,3.6392673261074897
2025-03-14 14:00:00,3.5908884067187863
2025-03-14 14:10:00,3.5663049337938877
2025-03-14 14:20:00,3.5322619224464944
2025-03-14 14:30:00,3.509158788571445
2025-03-14 14:40:00,3.4983569083777164
2025-03-14 14:50:00,3.503567018520375
2025-03-14 15:00:00,3.535020962902944
2025-03-14 15:10:00,3.5774633526255255
2025-03-14 15:20:00,3.6476421072569294
2025-03-14 15:30:00,3.736846418754264
2025-03-14 15:40:00,3.8441292682750365
2025-03-14 15:50:00,3.9605961060278068
2025-03-14 16:00:00,4.083764201780552
2025-03-14 16:10:00,4.192781381622344
2025-03-14 16:20:00,4.276412854468171
2025-03-14 16:30:00,4.342707490775622
2025-03-14 16:40:00,4.398988708095572
2025-03-14 16:50:00,4.474316075189237
2025-03-14 17:00:00,4.541975452608659
2025-03-14 17:10:00,4.59100219943042
2025-03-14 17:20:00,4.615166350761064
2025-03-14 17:30:00,4.640443394768401
2025-03-14 17:40:00,4.661183434066968
2025-03-14 17:50:00,4.651859989755161
2025-03-14 18:00:00,4.654824169628818
2025-03-14 18:10:00,4.66814748056064
2025-03-14 18:20:00,4.683920621269462
2025-03-14 18:30:00,4.68112889762861
2025-03-14 18:40:00,4.648283109257683
2025-03-14 18:50:00,4.583072000837379
2025-03-14 19:00:00,4.514258432290641
2025-03-14 19:10:00,4.4349555736114885
2025-03-14 19:20:00,4.357168111460211
2025-03-14 19:30:00,4.232857727079246
2025-03-14 19:40:00,4.111854769745427
2025-03-14 19:50:00,3.881504237640574
2025-03-14 20:00:00,3.794811744494485
2025-03-14 20:10:00,3.65973183095556
2025-03-14 20:20:00,3.56285666365331
2025-03-14 20:30:00,3.4017560955756334
2025-03-14 20:40:00,3.3324488023780416
2025-03-14 20:50:00,3.242838760640424
2025-03-14 21:00:00,3.16492093959098
2025-03-14 21:10:00,3.1020824535648845
2025-03-14 21:20:00,3.0470914089364736
2025-03-14 21:30:00,2.995740204714591
2025-03-14 21:40:00,2.9616623604567143
2025-03-14 21:50:00,2.9425654516507036
2025-03-14 22:00:00,2.935063855592473
2025-03-14 22:10:00,2.938083211501639
2025-03-14 22:20:00,2.9556193975958776
2025-03-14 22:30:00,2.985633997482511
2025-03-14 22:40:00,3.0205411257614805
2025-03-14 22:50:00,3.055606650579599
2025-03-14 23:00:00,3.1019746074379504
2025-03-14 23:10:00,3.135805780987983
2025-03-14 23:20:00,3.1662824404556624
2025-03-14 23:30:00,3.197699738559247
2025-03-14 23:40:00,3.2271474269505513
2025-03-14 23:50:00,3.2491905058174804
2025-03-15 00:00:00,3.2621162396851004
2025-03-15 00:10:00,3.2662143950062337
2025-03-15 00:20:00,3.2616407717383176
2025-03-15 00:30:00,3.249264414791952
2025-03-15 00:40:00,3.2379453084576357
2025-03-15 00:50:00,3.2136405558751955
2025-03-15 01:00:00,3.195191139050269
2025-03-15 01:10:00,3.176068769899065
2025-03-15 01:20:00,3.1505285378542194
2025-03-15 01:30:00,3.123272758664996
2025-03-15 01:40:00,3.1009876797838216
2025-03-15 01:50:00,3.07742633563116
2025-03-15 02:00:00,3.0542326392583625
2025-03-15 02:10:00,3.0320690797648173
2025-03-15 02:20:00,3.0098165880037366
2025-03-15 02:30:00,2.9852814540461234
2025-03-15 02:40:00,2.955158417784322
2025-03-15 02:50:00,2.9298674775205447
2025-03-15 03:00:00,2.9131230609959777
2025-03-15 03:10:00,2.8939474209566978
2025-03-15 03:20:00,2.868588391852585
2025-03-15 03:30:00,2.839738201483678
2025-03-15 03:40:00,2.810706470909945
2025-03-15 03:50:00,2.7847644827115006
2025-03-15 04:00:00,2.7489127538410165
2025-03-15 04:10:00,2.7102016707850667
2025-03-15 04:20:00,2.678318919787194
2025-03-15 04:30:00,2.644436644467582
2025-03-15 04:40:00,2.614087573010649
2025-03-15 04:50:00,2.5784163822090447
2025-03-15 05:00:00,2.5395912271010443
2025-03-15 05:10:00,2.5000480936170972
2025-03-15 05:20:00,2.4520764002271767
2025-03-15 05:30:00,2.4099851606982177
2025-03-15 05:40:00,2.3725790729327403
2025-03-15 05:50:00,2.3386953362177243
2025-03-15 06:00:00,2.3015393128395814
2025-03-15 06:10:00,2.26709260256228
2025-03-15 06:20:00,2.2388551947840205
2025-03-15 06:30:00,2.22197758424792
2025-03-15 06:40:00,2.2113287351396806
2025-03-15 06:50:00,2.1926529576242406
2025-03-15 07:00:00,2.177259482543889
2025-03-15 07:10:00,2.1561501637814344
2025-03-15 07:20:00,2.131567990492506
2025-03-15 07:30:00,2.107010440964847
2025-03-15 07:40:00,2.0867973261075776
2025-03-15 07:50:00,2.064147147275328
2025-03-15 08:00:00,2.0487504887080936
2025-03-15 08:10:00,2.044389681178241
2025-03-15 08:20:00,2.03806713416247
2025-03-15 08:30:00,2.033355849944886
2025-03-15 08:40:00,2.0323444209854222
2025-03-15 08:50:00,2.028636879284534
2025-03-15 09:00:00,2.0242941575516764
2025-03-15 09:10:00,2.018822867899001
2025-03-15 09:20:00,2.0186235717704637
2025-03-15 09:30:00,2.0244313502585225
2025-03-15 09:40:00,2.0393642783409116
2025-03-15 09:50:00,2.069706564008882
2025-03-15 10:00:00,2.1025353405765084
2025-03-15 10:10:00,2.1438603143985095
2025-03-15 10:20:00,2.1988982621469115
2025-03-15 10:30:00,2.2598677766361974
2025-03-15 10:40:00,2.325014255550255
2025-03-15 10:50:00,2.3895656978840276
2025-03-15 11:00:00,2.4293204714651497
2025-03-15 11:10:00,2.4676100311246496
2025-03-15 11:20:00,2.4967708745340627
2025-03-15 11:30:00,2.531037052041525
2025-03-15 11:40:00,2.576343855575549
2025-03-15 11:50:00,2.6329311152781876
2025-03-15 12:00:00,2.688891936198381
2025-03-15 12:10:00,2.7494883060629136
2025-03-15 12:20:00,2.795648173072315
2025-03-15 12:30:00,2.8413102234662424
2025-03-15 12:40:00,2.886142789029971
2025-03-15 12:50:00,2.9238004604152996
2025-03-15 13:00:00,2.973269756201822
2025-03-15 13:10:00,3.0118186450782334
2025-03-15 13:20:00,3.0521792202721016
2025-03-15 13:30:00,3.0803773703453223
2025-03-15 13:40:00,3.111191611053349
2025-03-15 13:50:00,3.1283951986935286
2025-03-15 14:00:00,3.148726361765245
2025-03-15 14:10:00,3.157392458584576
2025-03-15 14:20:00,3.168155446844162
2025-03-15 14:30:00,3.1678676818870537
2025-03-15 14:40:00,3.1681637488073546
2025-03-15 14:50:00,3.1710003340694475
2025-03-15 15:00:00,3.185818256598099
2025-03-15 15:10:00,3.1985987314821895
2025-03-15 15:20:00,3.2117097454944177
2025-03-15 15:30:00,3.212126328395365
2025-03-15 15:40:00,3.21949641721056
2025-03-15 15:50:00,3.229275364206479
2025-03-15 16:00:00,3.235703130183746
2025-03-15 16:10:00,3.2311850934770825
2025-03-15 16:20:00,3.2267492863650724
2025-03-15 16:30:00,3.22596805087032
2025-03-15 16:40:00,3.217287268657364
2025-03-15 16:50:00,3.2019272687711626
2025-03-15 17:00:00,3.175425529560901
2025-03-15 17:10:00,3.1436550192970985
2025-03-15 17:20:00,3.1088762910938303
2025-03-15 17:30:00,3.0821962933574207
2025-03-15 17:40:00,3.0442521074921287
2025-03-15 17:50:00,2.9996432986556476
2025-03-15 18:00:00,2.9614563078240543
2025-03-15 18:10:00,2.9262470992848706
2025-03-15 18:20:00,2.9009923395698802
2025-03-15 18:30:00,2.874025658269905
2025-03-15 18:40:00,2.855990650607159
2025-03-15 18:50:00,2.8313819510672538
2025-03-15 19:00:00,2.8129350735579974
2025-03-15 19:10:00,2.786320607595804
2025-03-15 19:20:00,2.772452293759831
2025-03-15 19:30:00,2.756324853606305
2025-03-15 19:40:00,2.7479882854172946
2025-03-15 19:50:00,2.7440559372083264
2025-03-15 20:00:00,2.750750348008736
2025-03-15 20:10:00,2.7523139735285445
2025-03-15 20:20:00,2.7603547945138684
2025-03-15 20:30:00,2.772141501712865
2025-03-15 20:40:00,2.783666751792956
2025-03-15 20:50:00,2.8029018758828523
2025-03-15 21:00:00,2.8294943348981514
2025-03-15 21:10:00,2.8561183828853194
2025-03-15 21:20:00,2.8730179528105255
2025-03-15 21:30:00,2.8930443089327977
2025-03-15 21:40:00,2.90220501711324
2025-03-15 21:50:00,2.9098919732159896
2025-03-15 22:00:00,2.9196588526856453
2025-03-15 22:10:00,2.922901270657974
2025-03-15 22:20:00,2.92957842673418
2025-03-15 22:30:00,2.9351589917936645
2025-03-15 22:40:00,2.9430750637680347
2025-03-15 22:50:00,2.9607896822831954
2025-03-15 23:00:00,2.9813071744448387
2025-03-15 23:10:00,3.004185884870506
2025-03-15 23:20:00,3.0305038494340337
2025-03-15 23:30:00,3.065792961857418
2025-03-15 23:40:00,3.0970964886694436
2025-03-15 23:50:00,3.1354680745894083
2025-03-16 00:00:00,3.1757290912798646
2025-03-16 00:10:00,3.2291720261309225
2025-03-16 00:20:00,3.2852905521763507
2025-03-16 00:30:00,3.328620660953943
2025-03-16 00:40:00,3.3767174276530407
2025-03-16 00:50:00,3.4070682684149176
2025-03-16 01:00:00,3.4311639721338323
2025-03-16 01:10:00,3.453427980131616
2025-03-16 01:20:00,3.4812422937419467
2025-03-16 01:30:00,3.4991194258858465
2025-03-16 01:40:00,3.511274319508335
2025-03-16 01:50:00,3.535614349393849
2025-03-16 02:00:00,3.5523645102739017
2025-03-16 02:10:00,3.5745812792078078
2025-03-16 02:20:00,3.5847996319694366
2025-03-16 02:30:00,3.6133676586197994
2025-03-16 02:40:00,3.635656839972062
2025-03-16 02:50:00,3.664129531254848
2025-03-16 03:00:00,3.6831947449340965
2025-03-16 03:10:00,3.6973217899262125
2025-03-16 03:20:00,3.721435280833624
2025-03-16 03:30:00,3.7285789345652702
2025-03-16 03:40:00,3.739674538647107
2025-03-16 03:50:00,3.738490833740732
2025-03-16 04:00:00,3.7177746421192617
2025-03-16 04:10:00,3.6776635109789217
2025-03-16 04:20:00,3.6303144867765247
2025-03-16 04:30:00,3.593378208829726
2025-03-16 04:40:00,3.5536595551615884
2025-03-16 04:50:00,3.503594076925801
2025-03-16 05:00:00,3.4476615166003217
2025-03-16 05:10:00,3.3985419935391845
2025-03-16 05:20:00,3.348524793477529
2025-03-16 05:30:00,3.3130793043588196
2025-03-16 05:40:00,3.2739541937853587
2025-03-16 05:50:00,3.2471004818157887
2025-03-16 06:00:00,3.213029340636766
2025-03-16 06:10:00,3.1761660596814867
2025-03-16 06:20:00,3.1498929760257774
2025-03-16 06:30:00,3.117320897302187
2025-03-16 06:40:00,3.0887167856168602
2025-03-16 06:50:00,3.072969977726031
2025-03-16 07:00:00,3.0669220128971784
2025-03-16 07:10:00,3.063075484659552
2025-03-16 07:20:00,3.067591917005037
2025-03-16 07:30:00,3.088087279183389
2025-03-16 07:40:00,3.1192345714246406
2025-03-16 07:50:00,3.162298609407033
2025-03-16 08:00:00,3.218154716877492
2025-03-16 08:10:00,3.2849119453111255
2025-03-16 08:20:00,3.357003780728664
2025-03-16 08:30:00,3.4293629635967644
2025-03-16 08:40:00,3.508428551013891
2025-03-16 08:50:00,3.6106888194378812
2025-03-16 09:00:00,3.708775591402273
2025-03-16 09:10:00,3.818561853411539
2025-03-16 09:20:00,3.921787734702519
2025-03-16 09:30:00,4.024196918993254
2025-03-16 09:40:00,4.160451268016729
2025-03-16 09:50:00,4.233364740674246
2025-03-16 10:00:00,4.342682629842694
2025-03-16 10:10:00,4.410371745820523
2025-03-16 10:20:00,4.493142449158469
2025-03-16 10:30:00,4.55847556327652
2025-03-16 10:40:00,4.5972698360984925
2025-03-16 10:50:00,4.59841813010675
2025-03-16 11:00:00,4.60094502021519
2025-03-16 11:10:00,4.616940370233882
2025-03-16 11:20:00,4.646161867257525
2025-03-16 11:30:00,4.66657914427097
2025-03-16 11:40:00,4.693041491127455
2025-03-16 11:50:00,4.7036926958621565
2025-03-16 12:00:00,4.6778975033626855
2025-03-16 12:10:00,4.59306596298185
2025-03-16 12:20:00,4.485481127873285
2025-03-16 12:30:00,4.363101550146631
2025-03-16 12:40:00,4.205914258422035
2025-03-16 12:50:00,4.045649016985457
2025-03-16 13:00:00,3.866205907533271
2025-03-16 13:10:00,3.754982775273211
2025-03-16 13:20:00,3.6351206839420374
2025-03-16 13:30:00,3.522550698524249
2025-03-16 13:40:00,3.3789225487753702
2025-03-16 13:50:00,3.2845927393526724
2025-03-16 14:00:00,3.1576958322003215
2025-03-16 14:10:00,3.0677936120764895
2025-03-16 14:20:00,2.951369270866671
2025-03-16 14:30:00,2.870668481441952
2025-03-16 14:40:00,2.7916140859658856
2025-03-16 14:50:00,2.7209235678880472
2025-03-16 15:00:00,2.6732085883596834
2025-03-16 15:10:00,2.6258803158171227
2025-03-16 15:20:00,2.593775310635152
2025-03-16 15:30:00,2.576207491730882
2025-03-16 15:40:00,2.566470964932158
2025-03-16 15:50:00,2.5665079399677606
2025-03-16 16:00:00,2.5555485574540344
2025-03-16 16:10:00,2.5417741187670795
2025-03-16 16:20:00,2.5346371458780985
2025-03-16 16:30:00,2.52607596951819
2025-03-16 16:40:00,2.5238573324319757
2025-03-16 16:50:00,2.5139083101043553
2025-03-16 17:00:00,2.510035809678968
2025-03-16 17:10:00,2.508368409686098
2025-03-16 17:20:00,2.5017556329472197
2025-03-16 17:30:00,2.495852557948379
2025-03-16 17:40:00,2.4918351042927473
2025-03-16 17:50:00,2.4927798158279506
2025-03-16 18:00:00,2.490312064747532
2025-03-16 18:10:00,2.4873002183183814
2025-03-16 18:20:00,2.4858701914030945
2025-03-16 18:30:00,2.4880832642197706
2025-03-16 18:40:00,2.489453308615539
2025-03-16 18:50:00,2.489294819177752
2025-03-16 19:00:00,2.48895016049899
2025-03-16 19:10:00,2.4889860493484717
2025-03-16 19:20:00,2.489072215699088
2025-03-16 19:30:00,2.4890480451466024
2025-03-16 19:40:00,2.4896555965509233
2025-03-16 19:50:00,2.489898872104944
2025-03-16 20:00:00,2.48959162046926
2025-03-16 20:10:00,2.489579131744683
2025-03-16 20:20:00,2.490043076333282
2025-03-16 20:30:00,2.4902712360446824
2025-03-16 20:40:00,2.4904404303000964
2025-03-16 20:50:00,2.488902226908006
2025-03-16 21:00:00,2.48862249430843
2025-03-16 21:10:00,2.488815361900294
2025-03-16 21:20:00,2.488815361900294
2025-03-16 21:30:00,2.488009472782629
2025-03-16 21:40:00,2.4884574552617003
2025-03-16 21:50:00,2.488219034076777
2025-03-16 22:00:00,2.4884167668595945
2025-03-16 22:10:00,2.4837668289413504
2025-03-16 22:20:00,2.4734692262310043
2025-03-16 22:30:00,2.463774262775791
2025-03-16 22:40:00,2.4474416636826812
2025-03-16 22:50:00,2.4359523614672094
2025-03-16 23:00:00,2.4144338151995823
2025-03-16 23:10:00,2.394945647732359
2025-03-16 23:20:00,2.3768938447824635
2025-03-16 23:30:00,2.3569711561158075
2025-03-16 23:40:00,2.3385880555809937
2025-03-16 23:50:00,2.3226009054213526
2025-03-17 00:00:00,2.307405572784843
2025-03-17 00:10:00,2.2951138458427853
2025-03-17 00:20:00,2.285123997816148
2025-03-17 00:30:00,2.2727539640499694
2025-03-17 00:40:00,2.26139425233885
2025-03-17 00:50:00,2.257309234664795
2025-03-17 01:00:00,2.249979636003183
2025-03-17 01:10:00,2.249894025553085
2025-03-17 01:20:00,2.247554224849158
2025-03-17 01:30:00,2.242750703490498
2025-03-17 01:40:00,2.2362554624673563
2025-03-17 01:50:00,2.2338269269407824
2025-03-17 02:00:00,2.23131935223207
2025-03-17 02:10:00,2.2328156532619583
2025-03-17 02:20:00,2.2360870603841363
2025-03-17 02:30:00,2.2375204267327975
2025-03-17 02:40:00,2.236176034506073
2025-03-17 02:50:00,2.229128471320829
2025-03-17 03:00:00,2.219576607964832
2025-03-17 03:10:00,2.217577210451693
2025-03-17 03:20:00,2.2117843263810677
2025-03-17 03:30:00,2.210566707574731
2025-03-17 03:40:00,2.2149022201604938
2025-03-17 03:50:00,2.2264205527161423
2025-03-17 04:00:00,2.2464304091835796
2025-03-17 04:10:00,2.2786844072728214
2025-03-17 04:20:00,2.313332947286289
2025-03-17 04:30:00,2.355744618603802
2025-03-17 04:40:00,2.4108108425874692
2025-03-17 04:50:00,2.4695694626541655
2025-03-17 05:00:00,2.5196694888259703
2025-03-17 05:10:00,2.572005011579787
2025-03-17 05:20:00,2.6272185807919737
2025-03-17 05:30:00,2.68604814287674
2025-03-17 05:40:00,2.748383123362025
2025-03-17 05:50:00,2.798603503543308
2025-03-17 06:00:00,2.856144086206775
2025-03-17 06:10:00,2.920095298385514
2025-03-17 06:20:00,2.9904685487685576
2025-03-17 06:30:00,3.075671556346544
2025-03-17 06:40:00,3.141121727857866
2025-03-17 06:50:00,3.211554674637517
2025-03-17 07:00:00,3.2805543371818104
2025-03-17 07:10:00,3.3478888020298596
2025-03-17 07:20:00,3.4212198280684025
2025-03-17 07:30:00,3.5027117612400764
2025-03-17 07:40:00,3.580877521080181
2025-03-17 07:50:00,3.669223683417366
2025-03-17 08:00:00,3.7672998049056474
2025-03-17 08:10:00,3.8586778617339883
2025-03-17 08:20:00,3.9287995294706612
2025-03-17 08:30:00,3.9788605682115104
2025-03-17 08:40:00,4.028505573883769
2025-03-17 08:50:00,4.086651769548106
2025-03-17 09:00:00,4.147553245526073
2025-03-17 09:10:00,4.190252769948683
2025-03-17 09:20:00,4.208772893539047
2025-03-17 09:30:00,4.1878486757630355
2025-03-17 09:40:00,4.153503851516179
2025-03-17 09:50:00,4.078618333697924
2025-03-17 10:00:00,3.9599368270685695
2025-03-17 10:10:00,3.84116239344822
2025-03-17 10:20:00,3.7402252746178584
2025-03-17 10:30:00,3.6283304782498234
2025-03-17 10:40:00,3.5044152538314672
2025-03-17 10:50:00,3.3966682271643345
2025-03-17 11:00:00,3.281462182637061
2025-03-17 11:10:00,3.19089950082863
2025-03-17 11:20:00,3.108376841222504
2025-03-17 11:30:00,3.051282978460976
2025-03-17 11:40:00,2.9786535523403717
2025-03-17 11:50:00,2.90656863106096
2025-03-17 12:00:00,2.849406398331517
2025-03-17 12:10:00,2.7908422839572276
2025-03-17 12:20:00,2.7300517605944283
2025-03-17 12:30:00,2.683941379603333
2025-03-17 12:40:00,2.654689414753298
2025-03-17 12:50:00,2.628109109849755
2025-03-17 13:00:00,2.6023710791287917
2025-03-17 13:10:00,2.584400188962162
2025-03-17 13:20:00,2.566930138508923
2025-03-17 13:30:00,2.5465851747285986
2025-03-17 13:40:00,2.5395365837854764
2025-03-17 13:50:00,2.526388187708306
2025-03-17 14:00:00,2.520284747690754
2025-03-17 14:10:00,2.5072217423082184
2025-03-17 14:20:00,2.499637810141681
2025-03-17 14:30:00,2.4906429135474726
2025-03-17 14:40:00,2.4897847691552903
2025-03-17 14:50:00,2.487889448613488
2025-03-17 15:00:00,2.488905980297063
2025-03-17 15:10:00,2.48791978993071
2025-03-17 15:20:00,2.487589357625787
2025-03-17 15:30:00,2.487601748597249
2025-03-17 15:40:00,2.488405286154219
2025-03-17 15:50:00,2.4874281188946337
2025-03-17 16:00:00,2.4870306771227346
2025-03-17 16:10:00,2.487738136739646
2025-03-17 16:20:00,2.4879288737512524
2025-03-17 16:30:00,2.487229334090649
2025-03-17 16:40:00,2.4870711916401746
2025-03-17 16:50:00,2.487229334090649
2025-03-17 17:00:00,2.4866174585168705
2025-03-17 17:10:00,2.4865142362135804
2025-03-17 17:20:00,2.486920208977348
2025-03-17 17:30:00,2.4869376354121036
2025-03-17 17:40:00,2.4869376354121036
2025-03-17 17:50:00,2.487535468386532
2025-03-17 18:00:00,2.487878061457481
2025-03-17 18:10:00,2.487578163550932
2025-03-17 18:20:00,2.487291567719358
2025-03-17 18:30:00,2.4883284522500877
2025-03-17 18:40:00,2.488199977323578
2025-03-17 18:50:00,2.4881134899456097
2025-03-17 19:00:00,2.4881288232204053
2025-03-17 19:10:00,2.488163340463716
2025-03-17 19:20:00,2.487876951857208
2025-03-17 19:30:00,2.487296265954872
2025-03-17 19:40:00,2.4872266321652026
2025-03-17 19:50:00,2.487320224980521
2025-03-17 20:00:00,2.4866741707120985
2025-03-17 20:10:00,2.4861035295356744
2025-03-17 20:20:00,2.485044682450684
2025-03-17 20:30:00,2.4853872440241633
2025-03-17 20:40:00,2.485410543288477
2025-03-17 20:50:00,2.484815301039911
2025-03-17 21:00:00,2.484693943372917
2025-03-17 21:10:00,2.4848313520334755
2025-03-17 21:20:00,2.484592346728806
2025-03-17 21:30:00,2.4842495246608705
2025-03-17 21:40:00,2.4845060172047844
2025-03-17 21:50:00,2.4840889826634878
2025-03-17 22:00:00,2.4839920458963527
2025-03-17 22:10:00,2.4848112053046516
2025-03-17 22:20:00,2.4846783674761945
2025-03-17 22:30:00,2.48459668765079
2025-03-17 22:40:00,2.4851491363814606
2025-03-17 22:50:00,2.4859173509747827
2025-03-17 23:00:00,2.4863465569214322
